Merchant_ID,Mean_Sales,SD_Sales,Mean_Transactions,SD_Transactions,Peak_Positive_Deviation,Peak_Negative_Deviation,P95_Absolute_Deviation,Mean_Absolute_Deviation,High_Confidence_Day_Count,Max_Robust_Z,Sales_CV,Transaction_CV,Largest_Daily_Log_Change,Period_Shift,Prediction,Anomaly_Score,Merchant,Risk_Rank,Risk_Label
77,5353.184222222222,1070.9343052900774,50.86666666666667,7.287360151490255,0.3715664363026303,2.5627231851084593,0.37090592881024864,0.1858084714758697,1,18.611114681662894,0.2000182027441694,0.14050180240662444,2.736328050241677,0.0037365722616515547,1,0.6665811164425549,Rachel Sheppard,1,Flagged
87,5687.337777777778,3306.0158379732297,51.01111111111111,7.419219566523131,1.9335233477161877,0.575038987478131,0.4026673547869043,0.1927255535047006,1,17.347321776235155,0.5811918994839943,0.14264681926662717,1.9443792979428256,0.16065749467027662,1,0.6374158812844113,Sarah Shelton & Liu,2,Flagged
50,5822.150333333333,4292.2332338912,51.48888888888889,7.982064789396434,2.163063428391713,0.485616051234972,0.4407390165333951,0.1894831295157977,1,8.857916826660803,0.7370981321435689,0.1520715137691954,2.0641413198643814,0.034552114273944515,1,0.623037691713305,James Allen,3,Flagged
40,20945.293444444444,8721.553631344494,51.611111111111114,9.668313175028874,0.8570203871829174,1.6354630802931538,1.0102280280526512,0.3894918634219843,6,6.427091395985537,0.4163769429888179,0.18376941620963014,2.5120094213739144,-0.016552189320663224,1,0.6080590377176595,Gonzalez,4,Flagged
64,5315.459666666667,1016.4184158757397,49.266666666666666,7.584431126038259,0.42135054463208543,0.46801572315898277,0.3808484519868001,0.17514931537343523,0,2.3430652551795217,0.1911833211579723,0.1508839083429362,0.7338776030570777,0.08152610161903472,1,0.607568394248484,Madison Moreno & Fry,5,Flagged
18,5930.06288888889,2805.2218452872767,52.32222222222222,7.7948813192712,1.6327896080281916,0.4270575447153449,0.37643668726698115,0.1773381519841517,1,7.664524722804509,0.47297118540801714,0.1461844798363009,1.417520013959214,0.28398565675512316,1,0.6051345674309497,Cheryl Oconnell,6,Flagged
42,5604.012444444445,1496.6749085449771,51.22222222222222,9.193033241252941,0.7989406599483938,0.48241643151053787,0.451179853057944,0.20368274655998678,0,2.5757124705280687,0.2670243685236499,0.17603680674739675,0.9590108521874114,0.03339427457721438,1,0.5886000889224919,Haney,7,Flagged
80,5493.395444444444,1203.7987493475393,51.3,7.705900263850065,0.8997709166374322,0.561462334433369,0.3692948544112209,0.1596882237707702,1,6.031465720576614,0.2190957606745867,0.14734034921319436,0.7871682611770918,-0.08134241059565622,1,0.5875186769173432,Robinson,8,Flagged
49,5441.876888888889,1079.0106867051502,52.21111111111111,8.718435129718584,0.45059658069711694,0.6232481318820567,0.44582078580433504,0.16582279706414657,1,4.186582343166327,0.19824271405216734,0.1638461394183906,0.8641922528995662,0.05675843498660673,1,0.5776056426920484,Hunter Munoz,9,Flagged
27,5403.9021111111115,1159.957802889509,51.44444444444444,8.61160845891683,0.4451013193625448,1.9086468364687987,0.4393332755031179,0.18170278181941632,2,8.876104830605813,0.21461217595503332,0.16420439858104127,2.2148406352720986,0.002675728435437743,1,0.5710903036939208,Debra Anderson,10,Flagged
35,5621.103111111111,1328.388886819732,52.388888888888886,8.79695356416001,0.4458933168934467,2.286623419794773,0.4417446631728089,0.22106630513921743,0,2.626726976992516,0.23627970895702752,0.16477124261694087,2.2713488645134667,0.03949332174937416,1,0.5597588314457446,Emily Wallace,11,Flagged
32,5416.077666666666,1213.5444162212134,52.15555555555556,9.184636795142021,0.46014087510415896,1.865515819824445,0.5083400979888602,0.19711579623027065,1,9.09838990257392,0.22402197105066676,0.17278789957416008,1.8607009837770487,-0.019307654277204746,0,0.558426000897282,Edwin Higgins,12,Normal
65,5881.167444444444,2477.001931071431,52.63333333333333,8.007650835926375,1.628940149119277,0.5465755115723178,0.5069301020864057,0.1894563580409656,1,8.359657008954052,0.42110360755046095,0.14930362030937927,1.6464211380498828,0.08602082487702453,0,0.5551645468504703,Martin,13,Normal
3,5636.1196666666665,1520.0489523174776,51.644444444444446,7.702780923637456,1.0693079389245619,0.4547188408224357,0.39503501781571065,0.16401677143533572,1,5.329544299136366,0.26964993510884805,0.1463170711539407,1.1207998607054144,0.04773425979905141,0,0.5551048664550616,Amanda Murphy,14,Normal
54,5413.576222222222,1106.5373917346474,50.111111111111114,7.863218948668959,0.5279745904411693,1.569184723678307,0.43623283536417196,0.19731919108713672,1,6.754227547705507,0.20436269549466388,0.1538455881261318,1.75951738320654,-0.03925427571997916,0,0.5502407961628865,Jessica Armstrong,15,Normal
100,5609.944333333333,1188.7765263440515,51.87777777777778,8.019397519719043,0.8631847391363499,0.47953812540944374,0.37669993082277065,0.1678050126982882,1,5.695204513610894,0.21186746039909948,0.15165912518905522,0.8846786071036288,0.08745771900477427,0,0.5474035434173291,Vasquez,16,Normal
2,19519.831444444444,10549.981272467703,50.733333333333334,9.481857306326019,0.629742610642384,2.431069331764626,1.8140333131046016,0.625074412186521,0,3.5651813185914114,0.5404473319946722,0.18328332422021942,2.7981751458630315,-0.29345170989796227,0,0.5297433861636033,Alice West,17,Normal
55,16973.360666666667,9660.65747222367,50.65555555555556,8.672779463382797,1.7878317139513247,2.0978172078656194,1.825012826818632,0.6567577004695163,1,4.464355619011897,0.5691323321057238,0.167896354421263,2.533985090716393,-0.2352217882831326,0,0.5143601417390065,Joan Glover,18,Normal
28,18741.86766666667,8265.925548791914,50.71111111111111,10.576892817501218,1.1617680776099748,1.79102019978083,1.185528276950758,0.4366800878496769,0,3.9554243774683693,0.441017121595138,0.2045381077729071,1.7812615339185829,0.20707428221680788,0,0.49471008140018013,Debra Moreno,19,Normal
51,18587.515,11004.053318640741,51.27777777777778,8.625840167876275,2.1116618530835876,2.016187394734457,1.6329597010974213,0.6781870798639424,0,2.4474086163898345,0.5919813023601262,0.1650001307351466,2.363327799811911,0.16195782148477136,0,0.49044448677699565,Jason Manning,20,Normal
43,18673.904888888886,9846.728488270133,51.86666666666667,10.226864819921294,1.650973600474397,1.9301604216155097,1.6468652429392974,0.6534342350026507,1,4.085557221148804,0.5272706097758333,0.19344637112083155,2.4347256392675476,0.2654121518182329,0,0.48951215436838785,Hardy,21,Normal
33,18886.115999999998,9720.670590009171,50.666666666666664,9.119678685449541,0.6767325551107869,2.188851756092369,1.7222119465078658,0.5688289496277933,2,5.233502965928851,0.5146720436306513,0.17650991004095887,2.2941103043100455,-0.1236674454125575,0,0.48308767855521306,Elizabeth Walters & Wells,22,Normal
10,18622.726333333336,10277.717484351077,50.03333333333333,8.042653148241651,1.627664239601765,2.390429834750511,1.6484522139119062,0.6690233217065545,0,2.2683455986607637,0.5518614964802018,0.157596077365937,2.453206824911537,-0.18294660769738447,0,0.4799582119439936,Bradley Smith,23,Normal
74,18577.14311111111,10670.132532514484,50.53333333333333,8.872631825203726,1.8923309899991352,2.0974362389302317,1.750967141299808,0.6927372670294109,0,2.532850151325398,0.5743379447934682,0.17217267448648887,2.2225718622133,-0.10565487868412321,0,0.4715023521861059,Myers,24,Normal
69,18521.087666666666,10140.887063831466,51.18888888888889,10.888499700043743,0.9233992190407406,2.231767211428495,1.6655302852528218,0.6377741094037918,0,3.741941203553232,0.5475023791233612,0.2086363578888518,2.3661754055774384,-0.23573063376081674,0,0.46995561402646113,Melissa Gibbs,25,Normal
86,19543.033,9376.929612505704,48.81111111111111,9.260153181983965,0.8973698472363639,1.6116020666869861,1.247521521666112,0.510149609046412,0,1.9505544953133553,0.4797847820102281,0.18590537282591052,2.06918814153428,-0.27087648985336754,0,0.46317842979366863,Sanchez,26,Normal
61,19382.46788888889,9782.221131971275,50.477777777777774,9.675902858639999,1.3851382087071455,1.8281055662308612,1.2839990306890774,0.5222250241121897,3,5.23537578995469,0.5046682661763895,0.1879627147156486,2.399646219153584,0.05988825604701488,0,0.4610238953720025,Laura Collins,27,Normal
83,18579.59933333333,8692.066618275348,51.53333333333333,10.01594234825638,1.0887966188343865,2.2745664851793843,1.4422756430287547,0.48509454475056346,2,5.7511648109000255,0.46780335027632314,0.19065880104548946,2.3422581343687403,0.09110175491067649,0,0.46043283427340453,Ryan White,28,Normal
82,20696.91966666667,9414.57850945399,51.82222222222222,8.893347820459987,1.329796984284098,1.571297284958616,1.289959646428447,0.46974498506585466,1,5.114009650637429,0.45485626870104556,0.1683637576443834,1.6878826482931792,0.044712352411985866,0,0.4570742675230844,Russell,29,Normal
41,18140.701444444443,9660.066346763524,50.48888888888889,10.067462825375843,1.265665843917242,2.138322833865986,1.252628957448118,0.5750842322166179,0,2.975467156781835,0.5324785206252933,0.1955268999317708,2.73833446478017,0.23529201181633172,0,0.4551478111598456,Hall,30,Normal
6,18974.572444444446,9629.808972136292,51.855555555555554,8.360636918793338,1.5305274146589587,2.418174102503084,1.517025883539211,0.5581960885821724,0,2.9111608546080125,0.507484504108104,0.15817896209615312,1.8554856341975974,-0.13335972771744667,0,0.45454391620554274,Andrew Taylor & Smith,31,Normal
66,20121.569,8769.042243940532,51.12222222222222,10.917286342020066,1.045991810880267,2.0076022683154098,1.2489562725587395,0.438925422739914,0,3.9614440235954023,0.4357814473857951,0.20945550432355703,2.1312075931563292,0.007811029556866325,0,0.45449166045567624,Mary Wiley & Wang,32,Normal
93,20620.948111111113,8529.557295296769,51.27777777777778,9.860860980457291,0.7756188615523139,1.7762978939618916,1.3364472236375449,0.4384951832154895,0,3.6033371388614337,0.4136154959434235,0.188624333313742,1.7003831566933076,-0.04804041934072646,0,0.4532719397554816,Steven Williams,33,Normal
45,19353.133555555556,8972.887707313452,50.8,9.978854046927815,1.133587316960075,2.188743931510338,1.2770926771806335,0.49305524998534667,2,4.466280787427482,0.4636160891189989,0.1926419700179115,2.3319476549758695,0.14260434454765777,0,0.4509372332571819,Hernandez,34,Normal
57,18227.272666666668,9816.072661856053,50.46666666666667,10.189441550012619,1.1462209172316542,2.4355706110296476,1.5458315044883313,0.6205286747274115,0,3.3454286652693668,0.538508109976121,0.19798137726708456,2.1899156219728138,-0.25718806539687583,0,0.4503505027395437,Justin Long,35,Normal
75,18470.895333333334,9839.888557417393,50.24444444444445,10.38507043260359,1.4068116854293058,1.916781805005365,1.3500052923769197,0.5961163763753762,0,3.3043403537414235,0.5326951230424573,0.20265748892765026,2.8374517783562734,-0.0023214580086141808,0,0.45006350278312723,Nicholas Little,36,Normal
5,18675.418666666665,9915.15070085331,50.25555555555555,10.19424943769783,0.9436241294627379,2.2598309645416372,1.7941754113333424,0.6378016176315805,0,3.3256193394793896,0.5308914346919034,0.19889062419093967,2.5794480422054082,-0.05525090161734675,0,0.43956634008336204,Andrea Peterson & Hansen,37,Normal
84,18084.360111111113,10872.53133586691,51.12222222222222,9.322954368241302,1.5922442253889246,1.9920207595854134,1.591087832997422,0.7047094265238457,0,2.6928238008877474,0.6011785924675698,0.1788671697168444,2.322330079746399,0.05245842299259707,0,0.4391184688961899,Samantha Taylor,38,Normal
47,19167.345333333335,9475.905296192164,50.28888888888889,10.472268831628496,1.0601339786617334,2.393664775884748,1.4231628423027396,0.5099365453216486,0,3.442491854785404,0.49435176231480826,0.20418201794769597,2.574484162200383,-0.03740872378161533,0,0.4387579032776721,Hogan,39,Normal
24,20486.614555555556,8597.44079009172,52.08888888888889,9.485227360343202,0.8332232212055177,1.794565392872488,1.1534121281497636,0.43906042007992657,0,3.6422387374402763,0.41964088922008647,0.17866690297841947,2.2791610569297536,-0.10937753294269281,0,0.4377391188806823,Danielle Barrera & Ramirez,40,Normal
38,17440.535666666667,10381.487540282815,51.266666666666666,9.36140774970195,1.5213604792269897,1.6141487720569987,1.3541711340627711,0.6454793786203853,0,2.819296391306097,0.5952163696298464,0.17910856663970567,2.5139505831911615,0.0551554069834711,0,0.434690702794639,Garcia,41,Normal
89,17356.28622222222,9266.878167949993,49.34444444444444,9.665368632984759,1.5497297909187115,1.8915500306747852,1.311227156897853,0.5953436538882959,0,2.0843141803512806,0.5338898056590077,0.1919848106309045,2.1352784592174157,-0.23111116304798088,0,0.4344613694813757,Snyder,42,Normal
23,18671.543777777777,9470.91607908679,50.46666666666667,8.984631072315546,0.9723790362405429,2.2851040825940947,1.8537583077267525,0.5691068410537913,0,2.33191085920142,0.5072108113281353,0.17457184726001707,2.38451281957441,-0.024353473663025843,0,0.4323703058022221,Daniel,43,Normal
21,19138.44988888889,9918.217968059495,52.166666666666664,9.908854285861054,1.0283582107165299,1.9773622671740254,1.6171801821566425,0.5691165618125907,2,4.860157436702669,0.5182081003183567,0.18637343484378158,2.250080478222136,0.10761709458580478,0,0.4311288190571177,Clayton Bullock & Russell,44,Normal
19,18829.159888888888,10067.860428234271,50.8,10.850568255196322,1.3641380998350687,2.2903065640955163,1.4762965035251954,0.5981212841113713,0,3.1943663767571815,0.5346667520425578,0.20947042963699464,2.4559817636934973,-0.01314921522552158,0,0.4300169270849411,Christopher Harrington & Love,45,Normal
95,17349.06466666667,9076.410313696106,51.56666666666667,9.818636258540595,1.1694941572873072,1.6434255256329815,1.366106849183563,0.524592610834341,0,2.720075785254682,0.5231340913174755,0.18678445640850846,1.9306052968327378,0.20977115551564918,0,0.4278437733874533,Thomas,46,Normal
67,18478.375555555554,8593.728295334437,50.388888888888886,9.820517898016805,0.8564713050650438,1.968918328389668,1.305990793397787,0.46264462813413,1,4.824876724211666,0.4650443013887911,0.19110196990735404,1.889584442217492,-0.07301046975119274,0,0.42727158172250834,Matthew Becker & Burns,47,Normal
58,18783.34388888889,8691.71851060701,52.46666666666667,8.868831928460532,1.0194246605655775,1.6838525999761929,1.2176925935461371,0.49876164775767146,0,2.8593538667728673,0.46271078521663145,0.16587590888641893,1.7470473096187948,-0.0311976040951997,0,0.42429748683006335,Keith Francis & Tyler,48,Normal
88,16955.593666666668,9371.4273364354,51.44444444444444,9.484595566426469,1.5032118916241806,2.1692308038685693,1.6673237911036123,0.6512421805846471,0,2.6534476904249598,0.5526715754743705,0.18085033919033522,2.3305366476657516,-0.20334517284079795,0,0.4242925164412582,Sean Wilson,49,Normal
52,18591.430555555555,10601.493351079713,50.13333333333333,9.19110463950781,1.1396965451471293,2.079809842433001,1.8100317583868577,0.6504286548805894,0,3.4550375763736834,0.5702048110063753,0.17974780911684113,2.6024639597069674,-0.021450363955772166,0,0.4227695312422826,Jeffrey Carter,50,Normal
39,18757.605888888887,9125.334612562501,51.98888888888889,10.123389808926193,1.3392013658953128,1.9337501624440867,1.4223080032899995,0.464633624215888,1,5.63033876065018,0.48646123633140703,0.19104740675264362,2.192292350896296,-0.08695817482230958,0,0.4223324412915954,Gibson,51,Normal
68,18838.097,9612.52581111217,52.43333333333333,9.980936886064129,1.3802667813572163,2.1264103259407254,1.5214457574240696,0.5481493910729567,1,6.381201093535087,0.5102434480332135,0.18679233099309037,2.345159502355431,-0.01064884263317974,0,0.4219746666369637,Mccoy,52,Normal
70,17776.86766666667,8949.015644997575,50.68888888888889,9.647313702420426,1.4431926804284403,1.8911468827030744,1.2896262489059414,0.5157699987579774,1,4.126949876210897,0.5033795848180878,0.18664192459540807,2.5034640764668206,0.20452362078623396,0,0.42106775765056625,Mendez,53,Normal
36,18824.89011111111,10776.235549756042,50.81111111111111,8.991749582217764,1.3139168091646791,1.976821229529213,1.6913422731720416,0.6793897984382412,0,2.400251421765544,0.5724157256923468,0.17354867304301927,2.449864449343197,-0.021120830447219283,0,0.41956006195246054,Eric Reed,54,Normal
102,15591.239777777779,9517.320886325146,50.477777777777774,8.828233281433537,1.3509814599833063,1.9073212079821475,1.5415962006083286,0.6305230970182777,0,2.3938586812810794,0.6103883099520654,0.17149600589877367,2.074959211880893,0.08997475631878578,0,0.41846240629198966,Victoria Sandoval,55,Normal
15,17180.429444444442,9544.14742840566,49.27777777777778,8.785877045331356,1.266550067526877,2.170295633217093,1.3151418704124482,0.586013540051086,1,4.325855537599258,0.5554920479268812,0.17474672576349656,2.360103120491307,0.16611331279720704,0,0.4183089922600327,Carrie Beltran & Church,56,Normal
13,17634.162777777776,8429.626947228478,50.27777777777778,8.743572634911462,0.7231203806791057,2.023376963813317,1.5671664919326753,0.5284809717711147,1,4.249172421324535,0.4780010853004842,0.17051387587042938,2.1453812565857575,-0.1564918050169346,0,0.4171949735428638,Brown,57,Normal
78,18313.903777777778,9524.438720818816,51.644444444444446,9.940622718168557,1.628064186247777,2.191785556251507,1.6766333665619972,0.6219080921776754,0,2.8338959725183774,0.5200376063332207,0.18882567425816169,2.449437614502724,-0.14131490954595163,0,0.41659174632848756,Ray Holland & Sanchez,58,Normal
60,19266.257777777777,9891.95235943968,51.36666666666667,8.876746544398072,1.1596956741549327,2.3230371883855265,1.701227169288813,0.582244088226581,0,3.3227878935625412,0.5134073812438806,0.16951139168169457,2.6639514654957326,0.06939910670858904,0,0.41610308571596494,Kim,59,Normal
101,18989.197333333334,10205.483685151416,50.2,9.409772591551782,1.4905794994992807,1.8948067692280623,1.4725295380873415,0.5792818445333158,0,2.965712477780596,0.5374079850785867,0.18378462092874573,2.069386485606337,0.24060296790632188,0,0.41440478113121143,Victor Jones & Gamble,60,Normal
37,17413.130666666668,9057.215936623737,48.855555555555554,9.455467606914969,1.046109195332103,2.202729594188541,1.7537897687808846,0.5879516880389012,0,2.3878786932715945,0.5201072686310231,0.18965725086301474,2.4821385262110187,-0.0745899736922603,0,0.4143201795878584,Farrell,61,Normal
9,19988.605888888887,9829.505613591722,52.37777777777778,8.430252875541045,0.871836971860739,2.2676795312378797,1.3061495179971767,0.5424727067375872,0,2.8451512425023493,0.4917308359268553,0.15793562839273398,2.2514463547250916,0.015725131503895505,0,0.411523156631975,Blair,62,Normal
30,17538.536,9901.38169907635,50.15555555555556,9.21151100966332,0.9371475720557247,2.008595955758513,1.5105480174908907,0.6026010275266946,0,3.0481815413187916,0.5645178811501256,0.18006863398559922,1.9887096323245501,-0.18799823491688544,0,0.41149526830240646,Duncan,63,Normal
56,17301.294777777777,9154.165416225105,51.63333333333333,9.830530293056254,1.4301243749456771,1.5678651691689398,1.3708625093044151,0.5508424805382377,0,2.3121660950989398,0.5290723302195884,0.1867738497730764,2.044489787681659,-0.11582717596324218,0,0.4101260383339952,Judith Perez,64,Normal
4,18444.568333333333,9549.20735911534,51.63333333333333,8.0034402715192,1.1551578795703212,1.677472966816646,1.4967500951564305,0.5757269722609102,0,3.177510514179029,0.5176965646463052,0.1520602964823154,2.0300091719681177,0.009175880098498622,0,0.40970796705862716,Amy Williamson,65,Normal
7,17337.454222222223,10454.632273073868,49.6,9.499615604287019,1.2402111975497794,1.9763043811940535,1.6446981216932417,0.6307095130301387,0,2.8365200385981484,0.60297372182547,0.18773943881990154,2.366922159665915,-0.1117081888039661,0,0.40955998769469504,Anthony Knight,66,Normal
90,18819.964444444446,9338.67175678124,52.68888888888889,9.141391781090052,1.1304774625563032,2.0558239864882437,1.4771934162117142,0.5687382634843684,1,4.129258932582511,0.4961845491152723,0.17026598930010445,2.7256427599466697,0.023424973926819657,0,0.4095180625273558,Spears,67,Normal
31,18201.292,8320.058838021103,50.98888888888889,10.140024648646376,0.962521885917149,1.856730578452432,1.4403884214420142,0.5061874167684338,1,4.22644590554682,0.4570885269844645,0.19504214968544004,1.9834725459169977,-0.03464843452477053,0,0.4093863849946498,Dustin Gonzalez & Caldwell,68,Normal
46,17892.061444444444,9914.978088630427,52.74444444444445,8.878152848565792,1.3982583200796375,1.7107735932168782,1.4062803509683257,0.5872823926668238,0,2.4626827441904235,0.5541241849202332,0.16519201082714932,1.9697589385685923,-0.0606034904998959,0,0.40867827592003203,Hill,69,Normal
94,16919.76188888889,9741.629717137104,51.03333333333333,9.666866845402474,1.3185633543097388,1.9324230426651439,1.542361684090421,0.6720191371203517,0,3.32885828434193,0.5757205131250028,0.18578219433829227,2.216397650936429,0.1413446882634617,0,0.4080200954820165,Suzanne Moreno & White,70,Normal
48,19349.93077777778,9582.844403482366,50.22222222222222,10.085898240655064,1.0627917630301864,2.3652230644003525,1.6377333817052484,0.584256007035019,0,3.5183382543113897,0.49521361600275643,0.1969047378869752,2.4363566702950505,0.08129518916325715,0,0.40696297396826997,Hopkins,71,Normal
29,20119.465444444442,10347.67425525731,52.12222222222222,10.127088801354112,1.2453023042083333,1.804487106641356,1.5356757561889054,0.6059885878554127,1,4.79173377817253,0.5142860280160396,0.19063752188284253,2.035426191812162,0.0739538569698081,0,0.40583340737004,Diaz,72,Normal
103,18425.115999999998,8810.502791553532,49.977777777777774,10.048173603150532,1.1847723884808739,1.841036836961086,1.2106988361046531,0.5164066276170035,0,3.280739775650708,0.47815300802152405,0.19710889805657106,2.016502297731864,0.03597696431374305,0,0.40508980381117204,Wolfe,73,Normal
91,19560.078222222222,9514.858864057871,51.24444444444445,9.482462951178581,0.9531189268256398,2.0824184576642657,1.4968625833639497,0.5694828135709722,1,4.58352446767373,0.4864179139802521,0.18150184296173377,2.525879996597161,0.12965885471833288,0,0.403278705443269,Stephen Garcia & Boyer,74,Normal
16,19982.34711111111,9330.027591791788,52.31111111111111,8.29192709394721,0.9229185337900012,1.9418707893303948,1.425551340681746,0.528053700461211,0,3.269104700654721,0.46689013306505195,0.15553844069513317,2.351439808821974,-0.052356493425185,0,0.40290502834904385,Carroll,75,Normal
96,18550.04033333333,8891.945312493439,50.388888888888886,9.636884251530848,0.9346640600310174,1.9545049700460564,1.3158580874609713,0.5086884180773916,1,5.368283705997442,0.4793232698931713,0.18752855840816787,2.0319382869140963,0.03734907125778871,0,0.3999490672451556,Todd Luna & Mcguire,76,Normal
98,19236.756222222222,10809.940920050445,51.06666666666667,9.802315708975456,1.1609421078813902,1.940746705663122,1.726615125499198,0.6223046081075202,0,2.8949923253948255,0.5619127716964983,0.18826470631835063,2.4088676767775254,0.04337934010413115,0,0.39917847221785135,Travis Hahn,77,Normal
59,16664.030555555557,9317.005103019945,52.31111111111111,9.115543515502585,1.3248152006180103,2.036774228185408,1.3713982634060473,0.5767716530779958,1,4.149876492461272,0.5590751887288902,0.17098768578475046,2.3023733967040974,0.09501627825059662,0,0.39892627655177304,Kennedy,78,Normal
85,20435.731555555558,9518.90120242192,51.93333333333333,9.741374750130081,1.4438708426966662,2.1700881196509223,1.3483402217920313,0.532430574728235,0,3.734558973206189,0.4657741467389527,0.18403100913343984,2.5364229327080805,-0.07397459195518326,0,0.3988737601609269,Samuel Mcintosh,79,Normal
17,17294.671333333332,9621.150696238745,50.62222222222222,8.94122855316595,1.358786911304976,2.2603576966428194,1.3415911027077012,0.6056216698811987,0,2.5262896912487856,0.5562750650618715,0.17320503008715787,2.207948124931752,0.08058372401951065,0,0.3973091428195615,Charles Delacruz & Gonzalez,80,Normal
62,17057.035333333333,9395.002375546841,51.233333333333334,9.734740291313674,1.4282808358849652,1.9315964362012223,1.4248108246497657,0.6086208719896724,0,3.9345197771320093,0.5507669665326547,0.18637026722361852,2.1452369476492015,0.18325621518658566,0,0.39670142436893424,Lisa Evans,81,Normal
44,20536.285444444446,9984.046997662132,50.31111111111111,10.142406740113394,1.3449049861084275,2.101020897846392,1.4312753531106008,0.5915745643673387,0,3.502506051385376,0.4861424858056361,0.19766492131013544,2.0382130545237427,0.09401423757945097,0,0.3957202285458211,Harris,82,Normal
73,18085.661555555555,9674.178541979143,50.18888888888889,8.989250064887987,0.9908060609746278,1.668561812250964,1.417245256423806,0.5546444015750185,0,2.546357729559399,0.534879171165095,0.17560940000866482,2.3490871579722867,-0.14695841446514077,0,0.39554212030573915,Mosley,83,Normal
63,17323.16011111111,9604.274615497805,51.022222222222226,9.312282306063064,1.0071466153904327,1.6097894299947897,1.3762750922519997,0.5708947489648465,0,2.963730040200331,0.554386160939367,0.1790058538115497,2.385293622646113,-0.0835255666018705,0,0.3935528863287487,Livingston,84,Normal
105,20208.49788888889,9760.986360155664,51.55555555555556,9.649021736653253,0.7924376942431429,1.937534164085397,1.4337090970322548,0.49299892421030367,1,4.155167620306476,0.48299004823480646,0.18359660809699635,2.254416496362288,-0.07474566601701489,0,0.39310171827132584,Yolanda Robertson & Gonzalez,85,Normal
26,18265.292444444443,9792.436083788309,52.06666666666667,10.276842080428573,1.3368287726072103,2.332829618009221,1.4578712904769464,0.5656331756183764,0,3.690542387122558,0.5360932500983037,0.19365908443018665,2.335935984486591,-0.10435390142154272,0,0.3920887074178401,David Vargas,86,Normal
34,17670.41533333333,9427.88460591278,51.32222222222222,9.148988742273223,1.3617447047228821,1.639068510299731,1.5024244519097885,0.6185965569462151,0,3.6883671412215144,0.533510442037379,0.17485856589606924,2.2660505726132207,0.12654780103681837,0,0.39175154413962593,Ellen Olson & Gilbert,87,Normal
22,18756.797555555557,8953.60236076843,49.86666666666667,8.488194048338386,0.9496422986375477,2.10914776637178,1.5905876393991538,0.5336194219269833,0,3.4157605323942044,0.4773269534576362,0.1668714426278844,2.246484753085303,-0.12447067912009406,0,0.390755973985624,Crystal Farmer & Swanson,88,Normal
25,19533.379555555555,9236.264349873716,51.6,9.387775938881994,0.9938029845076634,2.164559924568392,1.3407328543629022,0.5149270734141194,0,3.949773283760008,0.4728209730749771,0.1784748277353991,2.4224790394691835,0.0940907592149252,0,0.3876181248242672,Danielle Johnson & Zamora,89,Normal
99,17442.58577777778,8691.63930220559,48.98888888888889,8.843831652746582,1.1474297862684197,1.8046397226440016,1.3126772178456658,0.5290119789564034,1,4.672839166844626,0.4982713653564445,0.17691594770997832,2.1125348926903875,-0.0159913347023019,0,0.38700425477553974,Tyler Hill & Daniels,90,Normal
76,18819.280222222224,9968.709360929259,49.6,9.564447275477724,1.3117560497139131,2.2275184012125435,1.630935156460692,0.5806555779701101,0,3.7928493731353066,0.5296791144033345,0.18902069714382852,2.5034206595270536,0.057641986344576075,0,0.3861717982794187,Pierce,91,Normal
8,18083.504777777776,9365.691796645766,51.15555555555556,9.200526500702951,1.555318480936132,1.8127991268646488,1.387880497093596,0.5547261496815735,0,3.555835418610061,0.5178848916092145,0.1764054931962645,2.0598276446255994,0.10550384931851806,0,0.3849712371230096,Barton,92,Normal
104,17752.037888888888,9720.853520584358,51.37777777777778,8.965073024358748,1.11285114780326,2.2315178914354608,1.6288777524439892,0.5870504079794623,0,3.7899521913887106,0.547560005303,0.17116176754185136,2.328955902052643,-0.05325850824962812,0,0.3840267002410823,Wood,93,Normal
81,18777.122,9844.465984103406,52.41111111111111,9.610264227732838,0.9025998090489851,2.1994239567987357,1.496137945922145,0.5764705334660952,0,2.482021098373251,0.524251891861359,0.1799300562712618,2.264437809902864,0.050832044757917826,0,0.3839421824537285,Romero,94,Normal
92,20870.682333333334,9661.276450984424,51.75555555555555,9.006004377993023,0.8430012823749429,1.915145878262186,1.5383983914010686,0.5310104103921228,0,3.2741871370272655,0.4628892054166033,0.1707119616721508,2.11303572568357,0.054724230679153114,0,0.38302383276386703,Steven Nguyen,95,Normal
97,17619.242222222223,9105.881887952977,52.455555555555556,9.058066255809333,1.5720599524935395,1.8440072068865696,1.563031014030279,0.5536158963601366,0,3.1747432249702725,0.5167852843968773,0.16945041842087716,2.118568978115907,-0.02727308115672837,0,0.3823110338599334,Torres,96,Normal
11,18357.965666666667,9702.501210136086,51.7,10.100005562352452,1.2288784124670367,1.899304550718412,1.5359943095998874,0.5660154234616509,0,2.9595363062003535,0.5284884446269414,0.1916509594374279,2.2905799748419167,-0.1570644726332539,0,0.3822790881801485,Brandi Townsend & Lee,97,Normal
20,18527.069666666666,8791.20725783074,50.044444444444444,8.955459211446954,0.7935350263363345,2.017353002129545,1.537582997308231,0.506834688102746,0,3.1616990211443676,0.47448047292518314,0.17544434676321852,2.0788397545171797,-0.02877071849323658,0,0.38213389365296907,Claudia Mendoza,98,Normal
53,19921.831333333335,9482.039465349617,51.8,9.127314236320524,1.4232272898406175,2.0056009069421514,1.4202332447017014,0.5513843877823532,0,3.619231455511983,0.4759383496604222,0.17286579993031298,2.5535410166894144,0.043092598657359774,0,0.3798757214538592,Jesse Vaughan & Lopez,99,Normal
79,16756.352,8948.74178520667,51.81111111111111,9.07632361900752,1.0293737132912344,1.619995204675847,1.3974484815918322,0.5286327953935334,0,3.111201632573661,0.5340188464864061,0.17186390189578724,2.1763021927153385,-0.015783713368079936,0,0.37888533133129854,Richard Thomas,100,Normal
14,20454.112222222222,10451.038390251233,51.84444444444444,9.173620107006032,1.2690902294584891,1.9062885818274902,1.5362629434915693,0.5862677891159249,0,2.578570873546774,0.5109254975828161,0.17359667990549682,2.3636772877039487,-0.11694541927350376,0,0.3775293502728669,Bruce Bridges & Miller,101,Normal
71,18568.152222222223,9034.993108771214,52.06666666666667,8.855646329326413,1.4248992287194815,2.0075570470730226,1.4204538719307422,0.5494344262739771,0,3.9128220861253515,0.486559267792462,0.16687775746218114,2.392337308847635,-0.009669023220478967,0,0.3759700857561328,Michael Warren & Brown,102,Normal
1,18768.137555555557,9159.711392340329,50.32222222222222,8.487701317667083,1.1693706709633735,1.86604602622216,1.4616568663019551,0.5156814022331786,0,3.1561008471745127,0.4880198339016971,0.16538062753627136,2.2208985732268633,0.0252258013513564,0,0.37447181741393015,Alexander,103,Normal
72,20043.34633333333,9930.166128483661,50.87777777777778,9.08613931163901,1.2046705112817218,2.041593577202677,1.4393163717370832,0.5595340454574941,0,2.9857282797727493,0.495409825960251,0.17514511416738293,2.4760317951468664,0.056496432138140325,0,0.3662605875984262,Michelle Hopkins,104,Normal
12,19046.461333333333,9592.209727061136,50.455555555555556,9.35583830354327,1.007066212191365,1.8577828774189573,1.524202687280626,0.5643044893691388,0,2.96268704053333,0.5035951804388037,0.18182367681254466,2.310121309082769,0.030457931096677344,0,0.3656379869041829,Brandon Hall,105,Normal
